User_ID,Gender,Age,Marital_Status,Monthly_Website_Activity,Browsed_Electronics_12Mo,Bought_Electronics_12Mo,Bought_Digital_Media_12Mo,Bought_Digital_Books,Payment_Method,eReader_Adoption,Average_Spend_Monthly
9552,M,61,M,6,Yes,Yes,Yes,No,Bank Transfer,Late Majority,33.138
6757,M,27,M,28,Yes,No,Yes,No,Bank Transfer,Innovator,30.771
3599,F,29,M,1,Yes,Yes,Yes,Yes,Bank Transfer,Early Adopter,42.606
6811,M,49,M,2,Yes,Yes,Yes,Yes,Website Account,Early Adopter,11.835
4104,M,29,S,4,Yes,Yes,Yes,No,Website Account,Late Majority,33.138
7226,M,60,S,2,No,Yes,Yes,Yes,Credit Card,Early Majority,2.367
7814,F,53,S,20,Yes,No,Yes,Yes,Bank Transfer,Early Adopter,9.468
4693,F,63,S,3,Yes,Yes,Yes,No,Bank Transfer,Late Majority,4.734
7266,M,46,M,30,Yes,Yes,Yes,Yes,Monthly Billing,Innovator,21.303
5259,F,25,S,9,Yes,Yes,Yes,No,Website Account,Early Majority,40.239
7417,F,40,M,22,Yes,Yes,No,Yes,Website Account,Innovator,37.872
6795,M,29,S,6,Yes,Yes,Yes,Yes,Credit Card,Early Adopter,11.835
8669,F,49,S,9,Yes,Yes,Yes,No,Monthly Billing,Late Majority,18.936
9888,,41,M,21,Yes,Yes,Yes,Yes,Credit Card,Innovator,30.771
9181,F,47,S,28,Yes,No,No,Yes,Bank Transfer,Innovator,16.569
2792,F,43,M,6,Yes,Yes,Yes,No,Bank Transfer,Late Majority,44.973
5174,M,63,M,6,Yes,Yes,Yes,Yes,Bank Transfer,Early Adopter,18.936
8702,F,37,M,27,No,Yes,Yes,Yes,Monthly Billing,Early Adopter,2.367
4318,M,1.5,S,6,Yes,Yes,Yes,No,Credit Card,Early Majority,35.505
6091,M,48,M,4,No,No,No,No,Credit Card,Late Majority,28.404
8380,F,666,M,9,Yes,No,Yes,Yes,Monthly Billing,Early Adopter,11.835
6892,M,36,M,10,Yes,Yes,Yes,No,Bank Transfer,Early Majority,37.872
7976,F,55,S,9,Yes,No,No,No,Bank Transfer,Late Majority,26.037
7214,F,50,S,0,Yes,Yes,Yes,No,Bank Transfer,Late Majority,37.872
3369,F,48,S,7,Yes,Yes,No,No,Website Account,Late Majority,21.303
1645,F,33,S,22,Yes,Yes,Yes,Yes,Bank Transfer,Innovator,23.67
2866,F,22,S,4,Yes,No,No,Yes,Bank Transfer,Early Adopter,40.239
7014,F,21,M,8,Yes,Yes,No,Yes,Bank Transfer,Early Adopter,18.936
6177,M,49,M,9,Yes,No,Yes,No,Monthly Billing,Late Majority,30.771
6199,M,47,M,10,Yes,Yes,Yes,Yes,Monthly Billing,,14.202
4787,M,21,M,9,No,Yes,Yes,Yes,Bank Transfer,Early Adopter,26.037
1720,F,48,M,4,Yes,No,Yes,Yes,Credit Card,Early Majority,21.303
7763,F,55,S,22,Yes,Yes,Yes,No,Credit Card,Early Majority,11.835
7356,M,37,S,8,Yes,No,Yes,No,Credit Card,Early Majority,40.239
6916,M,36,M,0,Yes,No,No,No,Website Account,Late Majority,42.606
2979,F,19,M,6,No,No,Yes,Yes,Bank Transfer,Innovator,9.468
1328,M,22,S,5,Yes,No,No,No,Website Account,Early Majority,23.67
7817,M,90.5,S,8,Yes,Yes,Yes,No,Website Account,Late Majority,26.037
4937,F,46,M,19,Yes,No,Yes,Yes,Bank Transfer,Innovator,9.468
3879,F,44,M,8,Yes,Yes,Yes,No,Bank Transfer,Late Majority,16.569
1757,F,55,M,2,Yes,No,Yes,Yes,Monthly Billing,Early Adopter,37.872
9651,M,31,M,9,Yes,No,Yes,No,Website Account,Late Majority,44.973
8096,F,18,S,9,Yes,No,Yes,No,Website Account,Early Majority,14.202
5575,F,45,S,4,No,Yes,Yes,No,Bank Transfer,Late Majority,37.872
7793,F,23,M,10,Yes,No,Yes,Yes,Bank Transfer,Innovator,30.771
4423,F,62,S,4,Yes,No,Yes,No,Website Account,Late Majority,2.367
7117,F,46,M,3,Yes,No,Yes,Yes,Bank Transfer,Early Adopter,4.734
6974,M,62,M,1,Yes,Yes,Yes,No,Website Account,Late Majority,37.872
5928,M,65,M,9,Yes,Yes,No,No,Bank Transfer,Late Majority,2.367
6415,F,25,M,5,Yes,No,Yes,Yes,Monthly Billing,Early Adopter,11.835
3505,M,48,S,7,Yes,Yes,No,No,Monthly Billing,Late Majority,18.936
5108,F,60,M,75,Yes,Yes,Yes,Yes,Monthly Billing,Early Adopter,2.367
9895,F,58,M,58,Yes,No,Yes,No,Bank Transfer,Early Adopter,47.34
2670,F,59,M,17,Yes,Yes,Yes,Yes,Monthly Billing,Early Adopter,18.936
8231,M,56,M,6,Yes,Yes,Yes,Yes,Bank Transfer,Early Adopter,37.872
5429,M,36,M,8,Yes,Yes,Yes,No,Website Account,Late Majority,2.367
8951,F,48,S,1,No,No,Yes,Yes,Bank Transfer,Early Majority,16.569
7488,F,22,S,2,Yes,No,Yes,No,Bank Transfer,Early Majority,35.505
3514,M,55,S,25,Yes,No,Yes,No,Bank Transfer,Early Majority,4.734
4303,F,18,S,2,Yes,Yes,Yes,Yes,Website Account,Innovator,14.202
9547,F,2445,M,0,Yes,Yes,Yes,No,Bank Transfer,,9.468
5666,F,22,M,22,Yes,Yes,Yes,No,Website Account,Early Adopter,33.138
3960,F,37,M,25,Yes,No,Yes,No,Bank Transfer,Early Adopter,35.505
4177,M,19,S,17,Yes,No,Yes,No,Website Account,Early Adopter,47.34
4838,F,53,S,6,Yes,No,Yes,No,Monthly Billing,Late Majority,35.505
9939,M,37,M,22,Yes,No,No,No,Website Account,Early Adopter,28.404
2586,M,1.5,S,8,Yes,No,Yes,No,Bank Transfer,Early Majority,47.34
7688,M,66,S,26,Yes,Yes,No,No,Bank Transfer,Early Majority,9.468
3243,M,45,M,2,Yes,No,Yes,Yes,Bank Transfer,Early Adopter,37.872
1153,M,17,S,5,Yes,No,Yes,Yes,Website Account,Early Adopter,11.835
1596,F,50,M,88,Yes,No,Yes,No,Website Account,Early Adopter,44.973
6775,F,123,M,3,Yes,Yes,Yes,No,Bank Transfer,Late Majority,9.468
5524,M,23,M,6,Yes,No,Yes,No,Website Account,Early Majority,23.67
9092,F,49,S,8,Yes,Yes,Yes,No,Bank Transfer,Late Majority,26.037
4850,M,63,M,27,Yes,Yes,No,No,Bank Transfer,Early Majority,44.973
9058,F,17,M,9,Yes,No,Yes,No,Website Account,Early Majority,44.973
4766,F,27,S,6,Yes,Yes,Yes,No,Credit Card,Early Majority,42.606
3170,M,62,M,3,Yes,No,Yes,No,Website Account,Late Majority,2.367
1858,F,56,M,23,Yes,Yes,Yes,No,Credit Card,Early Majority,30.771
9327,M,27,S,1,Yes,No,Yes,Yes,Monthly Billing,Early Adopter,16.569
9252,M,48,M,8,Yes,Yes,Yes,No,Credit Card,Late Majority,37.872
5071,M,36,S,6,No,No,Yes,Yes,Bank Transfer,Early Majority,35.505
7333,F,41,M,28,Yes,Yes,No,Yes,Website Account,Innovator,23.67
8184,M,37,M,22,Yes,Yes,No,No,Bank Transfer,Early Adopter,14.202
4148,M,27,M,7,No,Yes,Yes,No,Website Account,Late Majority,44.973
8747,F,26,M,26,Yes,No,Yes,No,Website Account,Early Adopter,42.606
9201,F,41,M,5,Yes,No,Yes,No,Bank Transfer,Early Majority,40.239
7500,F,44,M,24,No,No,Yes,Yes,Website Account,Early Adopter,37.872
8666,M,35,M,0,Yes,Yes,Yes,Yes,Website Account,Early Adopter,18.936
6498,F,61,M,5,Yes,Yes,Yes,No,Bank Transfer,Late Majority,37.872
6014,F,17,M,5,Yes,Yes,Yes,No,Bank Transfer,Early Majority,28.404
3377,F,19,S,6,Yes,No,Yes,Yes,Website Account,Early Adopter,16.569
7464,F,0.5,S,6,Yes,Yes,Yes,No,Bank Transfer,Late Majority,42.606
8105,F,24,M,28,Yes,No,Yes,No,Credit Card,Innovator,23.67
8524,M,31,M,7,Yes,Yes,Yes,Yes,Bank Transfer,Innovator,14.202
8653,F,43,S,8,Yes,Yes,No,Yes,Credit Card,Early Adopter,7.101
2428,M,38,M,1,Yes,No,Yes,No,Credit Card,Early Majority,33.138
4150,M,59,M,8,Yes,No,Yes,No,Website Account,Late Majority,40.239
1798,M,36,S,28,Yes,No,Yes,Yes,Bank Transfer,Innovator,11.835
6210,M,39,M,4,Yes,No,Yes,Yes,Bank Transfer,Early Adopter,2.367
5223,M,41,S,7,Yes,Yes,Yes,No,Bank Transfer,Early Majority,2.367
4592,F,62,M,29,Yes,Yes,Yes,Yes,Credit Card,,40.239
2453,F,41,S,1,No,No,Yes,No,Bank Transfer,Early Majority,11.835
2688,F,54,S,21,Yes,No,Yes,No,Website Account,Early Majority,16.569
1415,F,23,M,9,Yes,Yes,Yes,No,Monthly Billing,Early Majority,28.404
3171,M,49,S,22,Yes,Yes,Yes,Yes,Website Account,Early Adopter,35.505
2296,F,59,M,25,Yes,Yes,Yes,Yes,Bank Transfer,Innovator,47.34
6745,F,39,M,25,Yes,No,No,Yes,Website Account,Innovator,30.771
8701,F,60,M,10,Yes,No,Yes,Yes,Website Account,Early Adopter,18.936
6413,F,48,M,27,Yes,Yes,Yes,No,Website Account,Early Majority,30.771
2045,M,29,M,10,No,No,Yes,No,Bank Transfer,Early Majority,11.835
8749,M,22,S,2,Yes,Yes,Yes,No,Bank Transfer,Early Majority,2.367
6097,F,44,M,5,Yes,Yes,Yes,Yes,Website Account,Early Majority,11.835
6058,M,36,M,1,No,No,Yes,No,Bank Transfer,Early Majority,44.973
4491,F,43,M,60,Yes,No,Yes,No,Bank Transfer,Innovator,16.569
3056,M,38,M,5,Yes,No,Yes,Yes,Website Account,Early Majority,21.303
4006,F,56,M,0,Yes,Yes,No,Yes,Bank Transfer,Early Majority,21.303
9726,F,41,M,5,Yes,Yes,No,No,Bank Transfer,Early Majority,37.872
6439,F,28,S,6,No,Yes,Yes,No,Monthly Billing,Late Majority,33.138
5860,M,0.442,M,21,Yes,Yes,Yes,No,Bank Transfer,Early Adopter,26.037
1601,F,38,S,3,Yes,Yes,Yes,Yes,Bank Transfer,Early Majority,4.734
4684,F,52,M,4,Yes,Yes,No,Yes,Credit Card,Early Adopter,14.202
9643,F,41,S,6,Yes,No,Yes,No,Bank Transfer,Early Majority,37.872
9974,M,38,M,26,Yes,Yes,Yes,Yes,Website Account,Innovator,33.138
2408,M,41,M,1,Yes,Yes,Yes,No,Credit Card,Early Majority,42.606
7309,F,20,M,7,Yes,No,Yes,Yes,Credit Card,Early Adopter,42.606
2528,M,46,M,1,Yes,No,Yes,Yes,Bank Transfer,Early Adopter,14.202
2097,F,50,M,18,Yes,No,Yes,Yes,Credit Card,Innovator,37.872
4747,F,27,M,6,Yes,Yes,Yes,No,Website Account,Late Majority,4.734
9845,M,62,S,27,Yes,No,Yes,Yes,Credit Card,Innovator,21.303
4995,M,54,M,18,Yes,No,No,Yes,Bank Transfer,,4.734
4166,F,32,M,10,No,Yes,Yes,Yes,Monthly Billing,Early Adopter,23.67
1110,M,45,M,1,Yes,No,No,Yes,Website Account,Early Adopter,9.468
2963,F,61,S,9,No,No,Yes,Yes,Credit Card,Early Majority,47.34
2908,F,45,M,85,Yes,No,No,No,Bank Transfer,Innovator,9.468
6587,F,,M,10,Yes,Yes,No,No,Credit Card,Early Majority,16.569
2392,M,38,S,25,Yes,Yes,No,No,Credit Card,Early Adopter,7.101
4277,F,16,M,21,Yes,Yes,Yes,No,Website Account,Early Adopter,30.771
1438,F,50,M,8,Yes,No,Yes,Yes,Website Account,Early Majority,11.835
8813,M,43,S,9,Yes,Yes,Yes,No,Bank Transfer,Late Majority,33.138
9461,F,50,S,0,Yes,No,No,No,Credit Card,Late Majority,7.101
6695,M,58,S,21,Yes,No,Yes,No,Credit Card,Early Majority,18.936
9716,M,25,S,20,Yes,Yes,Yes,No,Website Account,Early Adopter,37.872
3873,M,,S,63,Yes,Yes,Yes,Yes,Monthly Billing,Innovator,40.239
3027,M,19,M,23,Yes,Yes,Yes,No,Website Account,Early Adopter,33.138
1588,F,65,M,4,Yes,No,No,Yes,Website Account,Early Majority,44.973
9793,F,55,M,25,Yes,Yes,No,Yes,Website Account,Early Adopter,18.936
7481,M,18,M,6,Yes,Yes,Yes,No,Bank Transfer,Early Majority,23.67
8002,F,55,S,20,Yes,No,Yes,Yes,Website Account,Early Majority,11.835
7615,M,56,S,5,Yes,No,Yes,No,Bank Transfer,Late Majority,42.606
3715,M,26,M,3,Yes,No,Yes,Yes,Bank Transfer,Innovator,4.734
3518,F,22,S,9,Yes,Yes,Yes,No,Bank Transfer,Early Majority,35.505
1388,F,59,M,7,Yes,Yes,Yes,Yes,Bank Transfer,Early Majority,37.872
4833,F,40,S,3,Yes,Yes,No,No,Website Account,Late Majority,28.404
7365,M,24,M,17,Yes,No,Yes,?,Credit Card,Innovator,40.239
8431,F,59,M,4,Yes,No,No,No,Website Account,Late Majority,28.404
8722,M,33,M,9,Yes,Yes,No,No,Credit Card,Early Majority,9.468
3712,M,56,M,68,Yes,No,Yes,Yes,Website Account,Innovator,2.367
1530,M,66,M,1,Yes,No,Yes,Yes,Bank Transfer,Early Majority,7.101
9492,M,60,M,17,Yes,Yes,Yes,Yes,,Early Adopter,37.872
3432,M,37,S,8,No,Yes,Yes,Yes,,,9.468
3793,M,55,M,10,Yes,No,Yes,Yes,,Early Majority,9.468
3235,M,45,S,25,No,No,No,No,,Early Majority,9.468
1654,M,35,S,0,Yes,No,Yes,No,,Early Majority,35.505
6147,F,32,M,84,Yes,Yes,No,No,,Innovator,40.239
6266,M,53,S,2,Yes,No,Yes,No,Website Account,Late Majority,30.771
9303,F,34,S,1,Yes,No,Yes,No,Bank Transfer,Early Majority,42.606
3777,F,48,S,7,Yes,Yes,No,Yes,Monthly Billing,Early Adopter,44.973
5379,M,65,S,27,Yes,No,No,Yes,Credit Card,Innovator,7.101
2181,F,53,S,18,Yes,Yes,No,No,Bank Transfer,Early Adopter,21.303
9114,M,64,S,6,Yes,No,Yes,Yes,Bank Transfer,Early Adopter,26.037
2983,F,50,M,19,Yes,Yes,No,No,Bank Transfer,Early Adopter,4.734
4228,M,43,S,7,Yes,Yes,Yes,No,Website Account,Late Majority,23.67
6633,M,33,M,5,Yes,No,Yes,?,Monthly Billing,Late Majority,30.771
1181,F,53,S,8,Yes,No,Yes,No,Website Account,Late Majority,18.936
2636,M,35,M,22,Yes,Yes,Yes,No,Bank Transfer,Early Adopter,11.835
7666,M,50,M,5,Yes,No,No,Yes,Credit Card,Early Adopter,2.367
4393,F,29,S,6,Yes,No,Yes,No,Website Account,Late Majority,35.505
4897,M,34,S,21,Yes,No,Yes,Yes,Website Account,Innovator,37.872
1042,M,63,M,3,Yes,Yes,Yes,Yes,Website Account,Early Majority,40.239
2525,F,40,M,5,Yes,No,Yes,No,Bank Transfer,Early Majority,7.101
9829,F,26,M,3,Yes,Yes,Yes,No,Bank Transfer,Early Majority,9.468
8960,M,28,M,-1,Yes,No,Yes,Yes,Website Account,Early Majority,11.835
9310,M,54,S,18,Yes,Yes,Yes,No,Credit Card,Early Majority,11.835
6118,F,61,M,27,Yes,Yes,Yes,No,Monthly Billing,Early Majority,18.936
9396,M,29,S,2,Yes,No,Yes,No,Website Account,Late Majority,35.505
6813,F,63,M,4,Yes,No,Yes,No,Website Account,Late Majority,21.303
4673,F,51,M,3,Yes,Yes,Yes,No,Bank Transfer,Late Majority,35.505
6696,F,64,M,0,Yes,No,No,No,Website Account,,9.468
2289,F,49,S,7,Yes,Yes,Yes,Yes,Bank Transfer,Early Adopter,30.771
2785,M,34,S,9,Yes,No,Yes,Yes,Bank Transfer,Early Adopter,9.468
9067,M,34,M,10,Yes,No,Yes,Yes,Website Account,Early Adopter,37.872
4420,F,28,M,9,Yes,No,Yes,Yes,Bank Transfer,Early Adopter,7.101
9389,M,45,S,22,Yes,Yes,Yes,No,Website Account,Early Majority,9.468
4662,M,57,S,5,Yes,No,Yes,No,Bank Transfer,Late Majority,4.734
3489,F,61,M,10,Yes,?,Yes,No,Website Account,Late Majority,26.037
6071,M,64,M,1,Yes,No,No,No,Bank Transfer,Late Majority,7.101
5758,M,66,M,19,Yes,Yes,Yes,No,Bank Transfer,Early Majority,14.202
3126,M,23,M,28,Yes,No,Yes,No,Website Account,Early Adopter,18.936
5976,M,43,S,7,Yes,Yes,Yes,Yes,Bank Transfer,Early Adopter,26.037
4554,M,29,M,23,Yes,No,Yes,No,Bank Transfer,Early Adopter,30.771
9769,F,46,S,29,Yes,Yes,Yes,No,Bank Transfer,Early Adopter,11.835
3953,M,46,S,6,Yes,No,Yes,Yes,Website Account,Early Adopter,40.239
1886,M,46,S,52,Yes,No,No,No,Website Account,Early Adopter,11.835
9770,M,57,S,5,Yes,?,Yes,Yes,Bank Transfer,Early Adopter,23.67
8160,M,43,S,7,Yes,Yes,Yes,Yes,Website Account,Early Majority,33.138
5811,F,46,S,5,Yes,No,Yes,Yes,Monthly Billing,Early Majority,33.138
8807,M,30,M,10,Yes,Yes,Yes,Yes,Website Account,Early Adopter,35.505
3500,M,58,S,2,Yes,No,Yes,No,Website Account,,33.138
1774,M,64,M,2,Yes,No,Yes,No,Credit Card,Late Majority,2.367
9284,M,22,S,2,Yes,No,Yes,No,Bank Transfer,Early Majority,4.734
4298,F,36,S,85,Yes,No,Yes,No,Website Account,Innovator,9.468
9317,F,61,M,79,Yes,No,No,No,Monthly Billing,Early Majority,30.771
9415,F,21,S,2,Yes,No,No,No,Credit Card,Early Majority,21.303
5955,M,40,M,3,Yes,Yes,Yes,Yes,Bank Transfer,Early Adopter,30.771
4671,M,51,S,0,Yes,No,Yes,Yes,Website Account,Early Adopter,11.835
6214,F,64,S,2,Yes,No,Yes,Yes,Website Account,Late Majority,9.468
4168,F,44,S,9,Yes,No,Yes,No,Monthly Billing,Late Majority,23.67
2791,F,64,M,71,No,Yes,No,Yes,Website Account,Innovator,28.404
1303,M,41,S,1,Yes,Yes,Yes,No,Bank Transfer,Early Majority,40.239
3245,F,50,S,4,Yes,No,No,No,Website Account,Late Majority,14.202
1555,F,52,S,5,Yes,Yes,Yes,No,Credit Card,Late Majority,30.771
2498,M,62,M,2,Yes,No,Yes,No,Website Account,Late Majority,44.973
2197,F,60,M,4,Yes,Yes,Yes,Yes,Monthly Billing,Late Majority,16.569
2132,M,46,M,18,Yes,No,Yes,No,Credit Card,Early Adopter,7.101
7407,M,46,M,7,Yes,Yes,Yes,Yes,Monthly Billing,Early Majority,30.771
5902,M,17,M,8,Yes,Yes,Yes,Yes,Website Account,Early Majority,4.734
8029,F,28,M,9,Yes,No,Yes,No,Monthly Billing,Late Majority,18.936
6765,M,41,S,9,Yes,No,No,Yes,Bank Transfer,Early Adopter,18.936
4448,M,43,M,87,Yes,Yes,No,Yes,Website Account,Innovator,44.973
3981,F,33,S,6,Yes,Yes,Yes,No,,Late Majority,44.973
7796,M,44,M,24,Yes,Yes,Yes,Yes,,Early Adopter,4.734
1670,M,48,M,81,Yes,Yes,Yes,No,,Innovator,9.468
5464,F,38,S,27,Yes,Yes,Yes,Yes,,Innovator,47.34
2186,M,57,M,59,Yes,No,Yes,No,,Early Adopter,2.367
4217,M,45,S,10,Yes,No,Yes,No,,,40.239
7734,M,32,S,7,Yes,Yes,Yes,Yes,,Early Adopter,7.101
6589,M,51,M,10,Yes,Yes,Yes,No,Website Account,Late Majority,21.303
1367,F,40,M,18,Yes,Yes,Yes,Yes,Website Account,Innovator,47.34
6276,F,63,M,65,No,Yes,No,Yes,Website Account,Innovator,9.468
1807,F,50,S,2,Yes,Yes,No,Yes,Bank Transfer,Early Adopter,28.404
6206,M,16,M,8,Yes,No,Yes,No,Credit Card,Early Majority,21.303
2848,F,49,M,8,Yes,No,Yes,No,Bank Transfer,Late Majority,2.367
3477,F,45,M,0,Yes,Yes,Yes,Yes,Bank Transfer,Innovator,7.101
1337,F,62,M,21,No,Yes,Yes,No,Bank Transfer,Early Majority,18.936
1732,M,61,M,4,Yes,Yes,Yes,No,Monthly Billing,Late Majority,44.973
6141,M,47,S,24,Yes,No,No,Yes,Credit Card,Innovator,42.606
5800,M,44,M,22,Yes,No,No,No,Credit Card,Early Adopter,16.569
8820,F,46,S,1,Yes,Yes,No,No,Bank Transfer,Late Majority,33.138
3647,M,26,M,17,Yes,Yes,Yes,No,Website Account,Early Adopter,18.936
8662,F,35,S,28,Yes,Yes,No,No,Website Account,999,30.771
8623,F,29,S,2,Yes,No,Yes,No,Website Account,Late Majority,40.239
2791,F,49,M,24,No,Yes,Yes,No,Credit Card,Early Adopter,18.936
8249,F,56,S,6,Yes,No,Yes,No,Website Account,Late Majority,33.138
4302,F,22,M,27,Yes,Yes,Yes,No,Credit Card,Innovator,14.202
3209,F,48,M,2,Yes,Yes,Yes,No,Bank Transfer,Late Majority,18.936
8345,M,44,S,26,Yes,No,Yes,No,Website Account,Early Majority,11.835
8014,F,47,S,5,Yes,Yes,No,Yes,Credit Card,Early Adopter,35.505
4169,F,53,S,9,Yes,No,Yes,Yes,Credit Card,Early Majority,11.835
6180,F,53,M,3,Yes,No,Yes,Yes,Website Account,Early Adopter,2.367
2619,M,22,M,10,Yes,No,No,No,Monthly Billing,Early Majority,44.973
9767,F,34,S,30,Yes,Yes,Yes,No,Website Account,Early Adopter,42.606
2765,M,19,M,17,Yes,Yes,Yes,Yes,Website Account,Innovator,21.303
9202,M,24,M,22,Yes,No,Yes,No,Bank Transfer,Innovator,9.468
9899,M,54,M,10,Yes,No,Yes,Yes,Website Account,Early Majority,23.67
1645,M,41,M,10,Yes,Yes,Yes,No,Website Account,Late Majority,37.872
7708,M,65,S,30,Yes,Yes,Yes,Yes,Credit Card,Innovator,23.67
9232,M,56,S,-1,Yes,No,Yes,Yes,Bank Transfer,Early Majority,26.037
7751,F,56,S,28,Yes,No,No,Yes,Website Account,Early Adopter,7.101
9885,M,21,S,3,Yes,Yes,Yes,No,Bank Transfer,Early Majority,47.34
9553,M,57,S,27,Yes,Yes,Yes,Yes,Bank Transfer,Early Adopter,40.239
2556,F,17,S,10,Yes,No,Yes,Yes,Website Account,Early Adopter,47.34
6815,F,36,M,4,Yes,No,Yes,Yes,Bank Transfer,Early Adopter,35.505
7062,M,18,M,8,Yes,No,Yes,Yes,Monthly Billing,Early Adopter,21.303
3032,M,40,M,5,Yes,Yes,Yes,Yes,Bank Transfer,Early Majority,4.734
4254,F,27,M,22,Yes,Yes,Yes,Yes,Monthly Billing,Innovator,4.734
1587,M,27,M,29,No,No,Yes,No,Monthly Billing,Early Adopter,33.138
7606,F,58,S,20,Yes,Yes,Yes,No,Website Account,Early Majority,33.138
1773,F,26,S,19,Yes,No,Yes,Yes,Bank Transfer,Innovator,42.606
3727,F,45,M,8,Yes,No,Yes,Yes,Bank Transfer,Early Adopter,23.67
9726,F,43,M,10,Yes,Yes,Yes,Yes,Website Account,Early Majority,37.872
6560,M,48,S,87,Yes,Yes,Yes,Yes,Website Account,Innovator,26.037
9024,F,32,M,20,Yes,No,Yes,No,Website Account,Early Adopter,47.34
9646,F,26,M,10,Yes,No,Yes,Yes,Website Account,Early Majority,26.037
6810,F,55,S,7,Yes,No,Yes,No,Monthly Billing,Late Majority,18.936
8649,M,57,S,21,No,Yes,Yes,Yes,Bank Transfer,Early Adopter,44.973
9825,F,42,M,30,Yes,Yes,Yes,Yes,Credit Card,678,26.037
6327,M,1.5,S,5,Yes,Yes,Yes,Yes,Bank Transfer,Early Majority,7.101
1550,M,34,M,29,Yes,Yes,Yes,Yes,Monthly Billing,Innovator,44.973
2314,M,52,M,24,Yes,Yes,Yes,Yes,Credit Card,Innovator,2.367
7612,F,41,M,25,Yes,Yes,,No,Website Account,Early Majority,42.606
1164,M,53,S,22,Yes,No,,Yes,Monthly Billing,Early Adopter,2.367
7595,M,54,S,6,Yes,Yes,,Yes,Credit Card,Early Adopter,44.973
5671,F,25,M,2,Yes,Yes,,No,Bank Transfer,Early Majority,16.569
8332,F,61,S,100,Yes,No,,No,Bank Transfer,Early Adopter,14.202
5953,F,26,M,25,Yes,Yes,,No,Bank Transfer,Innovator,47.34
4443,M,55,M,68,Yes,No,,No,Bank Transfer,Innovator,26.037
3732,M,52,M,29,Yes,Yes,,No,Bank Transfer,Early Adopter,40.239
6715,M,48,S,29,Yes,Yes,,Yes,Website Account,Early Adopter,16.569
2490,F,44,M,23,Yes,Yes,,Yes,Monthly Billing,Early Adopter,30.771
2955,F,65,M,28,Yes,Yes,Yes,Yes,Bank Transfer,Innovator,40.239
6040,F,59,S,10,Yes,Yes,Yes,No,Bank Transfer,Late Majority,33.138
2884,F,39,M,-2,Yes,No,No,No,Monthly Billing,Late Majority,2.367
1763,F,35,M,8,Yes,No,Yes,Yes,Monthly Billing,Early Majority,16.569
6669,F,46,M,3,Yes,Yes,Yes,Yes,Website Account,Early Majority,26.037
3325,M,50,S,17,Yes,No,Yes,No,Website Account,Early Majority,37.872
8964,M,51,S,5,Yes,Yes,Yes,No,Bank Transfer,Late Majority,30.771
9434,F,51,S,19,Yes,Yes,No,No,Bank Transfer,Early Adopter,14.202
5301,M,47,M,5,Yes,No,Yes,Yes,Website Account,Early Majority,21.303
7310,F,57,M,1,Yes,No,Yes,Yes,Credit Card,Early Majority,47.34
3387,M,44,M,8,No,Yes,Yes,Yes,Website Account,Early Adopter,9.468
7036,M,53,S,2,Yes,Yes,Yes,Yes,Website Account,Early Adopter,47.34
6338,M,42,M,3,No,No,Yes,No,Monthly Billing,Late Majority,18.936
1410,M,55,M,25,Yes,Yes,Yes,Yes,Website Account,Early Majority,28.404
4301,M,59,M,-3,Yes,Yes,Yes,No,Credit Card,Late Majority,40.239
2956,F,54,S,7,Yes,No,Yes,Yes,Bank Transfer,Early Majority,30.771
7673,F,51,M,25,Yes,No,No,Yes,Credit Card,Innovator,4.734
5243,F,48,S,10,Yes,Yes,Yes,Yes,Website Account,Early Majority,23.67
6877,F,29,S,8,Yes,Yes,Yes,Yes,Monthly Billing,Early Adopter,35.505
6871,F,,M,21,Yes,Yes,No,Yes,Bank Transfer,Innovator,23.67
8343,F,37,M,1,Yes,No,No,Yes,Credit Card,Innovator,44.973
2661,F,51,S,5,Yes,No,Yes,No,Bank Transfer,Late Majority,18.936
1314,M,65,S,24,Yes,Yes,Yes,No,Website Account,Late Majority,30.771
2848,F,32,S,3,Yes,No,Yes,No,Monthly Billing,Late Majority,7.101
1129,M,59,S,6,Yes,No,No,No,Monthly Billing,Late Majority,14.202
3211,M,54,S,9,Yes,No,Yes,No,Bank Transfer,Late Majority,21.303
1681,M,18,S,2,No,Yes,No,Yes,Website Account,Early Adopter,30.771
5368,F,57,S,7,Yes,Yes,No,Yes,Bank Transfer,Early Adopter,23.67
7323,M,22,M,5,Yes,No,Yes,Yes,Bank Transfer,Early Adopter,7.101
7039,M,30,M,5,Yes,Yes,Yes,Yes,Credit Card,Early Adopter,33.138
4715,M,61,S,9,Yes,Yes,Yes,No,Credit Card,Late Majority,35.505
7730,,,,,,,,,Monthly Billing,Late Majority,11.835
8559,,,,,,,,,Website Account,Late Majority,4.734
3532,M,56,S,25,Yes,Yes,Yes,Yes,Website Account,Early Adopter,44.973
8475,M,24,M,26,Yes,Yes,Yes,No,Website Account,999,26.037
9204,M,61,S,2,Yes,No,Yes,Yes,Website Account,Early Majority,42.606
1737,M,43,M,4,Yes,No,Yes,Yes,Bank Transfer,Early Adopter,2.367
5435,M,49,S,4,Yes,Yes,Yes,Yes,Bank Transfer,Early Majority,14.202
2255,F,34,M,7,Yes,Yes,Yes,No,Website Account,Late Majority,23.67
8159,M,23,M,9,Yes,No,No,Yes,Bank Transfer,Early Adopter,2.367
7507,F,37,M,26,Yes,No,Yes,No,Monthly Billing,Early Adopter,23.67
4634,M,41,S,5,Yes,Yes,Yes,No,Website Account,Late Majority,4.734
8140,M,34,S,9,Yes,No,Yes,No,Monthly Billing,Late Majority,35.505
4854,M,61,M,10,Yes,Yes,Yes,Yes,Credit Card,Early Majority,26.037
9726,F,63,S,26,Yes,No,No,No,Bank Transfer,Early Majority,35.505
3834,F,20,S,30,No,No,Yes,No,Website Account,Early Adopter,14.202
8860,M,21,S,3,Yes,No,No,Yes,Website Account,Early Adopter,40.239
5568,F,38,M,3,Yes,Yes,Yes,No,Website Account,Late Majority,21.303
2966,M,57,M,2,Yes,Yes,No,Yes,Monthly Billing,Early Majority,33.138
4629,M,49,M,21,Yes,No,Yes,Yes,Website Account,Innovator,30.771
9220,F,30,M,17,Yes,No,Yes,No,Bank Transfer,Early Adopter,37.872
6525,F,34,M,6,Yes,Yes,Yes,Yes,Bank Transfer,Early Adopter,9.468
4145,M,q,M,20,Yes,No,Yes,No,Website Account,Early Majority,37.872
4614,M,58,M,8,No,Yes,No,No,Credit Card,Late Majority,42.606
3581,M,27,M,20,Yes,No,No,No,Bank Transfer,Innovator,37.872
8010,F,23,M,9,Yes,No,Yes,Yes,Bank Transfer,Innovator,30.771
4639,M,60,M,6,Yes,Yes,Yes,Yes,Bank Transfer,Early Adopter,44.973
8324,M,63,M,10,Yes,Yes,Yes,No,Website Account,Late Majority,21.303
4616,F,44,M,4,Yes,No,Yes,No,Bank Transfer,999,16.569
7273,F,53,S,2,Yes,Yes,Yes,No,Monthly Billing,Late Majority,42.606
7573,M,59,S,1,Yes,Yes,Yes,Yes,Website Account,Early Adopter,11.835
8991,M,,S,22,Yes,Yes,No,No,Credit Card,Innovator,21.303
5205,M,31,S,3,Yes,No,Yes,Yes,Monthly Billing,Early Adopter,28.404
3814,F,23,M,9,Yes,Yes,Yes,Yes,Website Account,Early Adopter,7.101
8232,M,51,S,80,Yes,Yes,No,No,Credit Card,Innovator,42.606
2987,F,32,M,10,Yes,Yes,Yes,No,Bank Transfer,Late Majority,28.404
9288,F,47,M,6,Yes,No,Yes,Yes,Website Account,Early Majority,26.037
3022,M,60,M,66,No,Yes,Yes,No,Website Account,Early Majority,21.303
3733,F,54,S,10,Yes,Yes,Yes,No,Monthly Billing,Late Majority,14.202
9981,M,63,S,6,Yes,No,No,No,Bank Transfer,Late Majority,35.505
1709,M,41,S,2,No,No,No,No,Monthly Billing,Late Majority,4.734
5938,M,61,M,1,Yes,No,Yes,No,Credit Card,Late Majority,30.771
8331,M,,M,9,Yes,Yes,Yes,No,Website Account,Late Majority,18.936
7631,F,35,S,82,Yes,No,No,No,Bank Transfer,Innovator,37.872
1159,F,56,M,67,Yes,Yes,Yes,No,Website Account,Early Adopter,2.367
7918,F,57,M,95,Yes,Yes,Yes,No,Monthly Billing,Early Adopter,26.037
8437,M,q,M,,,,,,,,
8180,M,56,M,,,,,,,,
4148,M,20,M,,,,,,,,
4438,F,63,S,8,Yes,No,Yes,No,Website Account,Late Majority,4.734
7065,M,34,M,9,Yes,No,Yes,Yes,Monthly Billing,Early Majority,2.367
9723,M,19,S,10,Yes,Yes,Yes,Yes,Bank Transfer,Early Adopter,37.872
9939,M,60,S,2,Yes,Yes,No,No,Bank Transfer,Late Majority,11.835
1210,F,50,S,5,Yes,Yes,Yes,No,Bank Transfer,Late Majority,42.606
8591,M,,S,27,Yes,No,No,No,Monthly Billing,Early Majority,14.202
3384,F,21,S,24,Yes,No,No,No,Website Account,Early Adopter,23.67
6117,M,20,M,7,Yes,No,Yes,No,Monthly Billing,Early Majority,42.606
7683,F,42,M,1,Yes,No,Yes,Yes,Website Account,Early Adopter,21.303
5759,M,57,M,4,Yes,No,Yes,Yes,Credit Card,Early Majority,16.569
6260,F,43,S,68,Yes,Yes,Yes,No,Monthly Billing,Early Adopter,4.734
4921,M,37,M,4,Yes,Yes,No,No,Bank Transfer,Late Majority,18.936
3736,M,26,S,4,Yes,No,No,No,Credit Card,Late Majority,2.367
9458,F,26,S,5,No,No,No,Yes,Website Account,Early Adopter,40.239
1779,M,46,S,9,No,Yes,Yes,No,Bank Transfer,Late Majority,4.734
4633,F,62,S,65,Yes,No,No,No,Website Account,Early Majority,7.101
8916,M,54,S,30,No,Yes,Yes,Yes,Monthly Billing,8890,40.239
2542,F,19,M,10,Yes,Yes,Yes,No,Credit Card,Early Majority,37.872
3530,M,51,M,5,Yes,Yes,No,Yes,Monthly Billing,Early Adopter,35.505
5465,F,33,M,20,Yes,No,Yes,No,Website Account,Early Adopter,47.34
7465,M,55,M,3,Yes,Yes,Yes,No,Bank Transfer,Late Majority,14.202
7371,M,25,M,20,Yes,Yes,Yes,Yes,Website Account,Innovator,11.835
6377,M,19,S,17,Yes,No,Yes,No,Bank Transfer,Early Adopter,37.872
7915,F,25,M,6,Yes,No,Yes,Yes,Credit Card,Early Majority,9.468
8580,F,29,M,9,Yes,No,No,No,Bank Transfer,Late Majority,14.202
2769,F,52,S,2,Yes,No,No,No,Website Account,Late Majority,2.367
8545,M,24,M,6,No,Yes,Yes,Yes,Bank Transfer,Early Majority,21.303
9598,M,66,M,25,Yes,No,Yes,Yes,Bank Transfer,Early Majority,37.872
9096,M,17,M,2,Yes,Yes,Yes,No,Website Account,Early Majority,23.67
7264,M,51,M,73,Yes,Yes,Yes,No,Website Account,Early Adopter,4.734
4824,M,30,S,4,Yes,Yes,No,No,Bank Transfer,Late Majority,18.936
1743,M,60,M,8,Yes,No,Yes,No,Website Account,Late Majority,23.67
6546,M,45,M,3,Yes,Yes,Yes,Yes,Bank Transfer,Early Adopter,7.101
6865,F,65,M,7,Yes,Yes,Yes,No,Bank Transfer,Late Majority,42.606
2308,M,17,M,7,Yes,Yes,Yes,Yes,Bank Transfer,Early Adopter,47.34
1302,M,17,M,2,Yes,Yes,Yes,Yes,Bank Transfer,Innovator,30.771
8989,F,38,M,2,Yes,No,Yes,Yes,Bank Transfer,Early Adopter,21.303
6016,M,49,S,8,No,Yes,Yes,Yes,Website Account,Early Adopter,21.303
3616,M,30,S,9,Yes,Yes,Yes,Yes,Credit Card,Early Majority,23.67
9673,M,27,S,1,Yes,Yes,Yes,Yes,Bank Transfer,Early Adopter,26.037
2488,F,36,S,3,Yes,No,Yes,Yes,Monthly Billing,Early Adopter,9.468
1890,F,57,S,28,Yes,No,Yes,Yes,Bank Transfer,Innovator,26.037
2968,M,38,S,64,Yes,No,Yes,No,Credit Card,Innovator,28.404
2840,F,37,S,3,Yes,Yes,Yes,No,Bank Transfer,Late Majority,35.505
5882,F,22,M,17,Yes,Yes,No,Yes,Credit Card,Innovator,18.936
7123,F,53,M,5,Yes,No,Yes,No,Monthly Billing,Late Majority,4.734
4981,M,62,M,23,Yes,Yes,Yes,No,Bank Transfer,Early Majority,1004.202
2525,M,52,S,100,Yes,Yes,Yes,No,Credit Card,Early Adopter,37.872
6530,F,45,M,27,Yes,Yes,No,Yes,Bank Transfer,Early Adopter,47.34
5711,M,59,M,22,Yes,Yes,Yes,No,Credit Card,Early Majority,23.67
2966,F,35,M,10,Yes,No,Yes,Yes,Bank Transfer,Early Majority,2.367
1070,M,33,M,1,No,No,Yes,No,Monthly Billing,Late Majority,
4148,M,62,M,4,Yes,Yes,No,No,Credit Card,Late Majority,
8123,F,31,S,9,Yes,Yes,Yes,No,Bank Transfer,Late Majority,
9559,M,52,S,10,Yes,Yes,Yes,Yes,Monthly Billing,Early Majority,
5880,F,27,M,2,Yes,Yes,Yes,Yes,Monthly Billing,Early Majority,
6637,M,60,M,50,Yes,No,Yes,No,Website Account,Early Majority,
4382,M,42,S,10,Yes,No,Yes,No,Bank Transfer,Late Majority,
8250,F,36,S,3,Yes,No,Yes,Yes,Bank Transfer,Early Adopter,
5898,F,26,M,9,Yes,No,Yes,No,Website Account,Late Majority,
5857,M,34,M,21,Yes,No,No,No,Website Account,Early Adopter,
9764,F,44,M,10,Yes,Yes,Yes,No,Monthly Billing,Late Majority,
8493,M,66,M,9,Yes,Yes,Yes,Yes,Monthly Billing,Early Majority,
9781,M,37,S,8,Yes,Yes,Yes,Yes,Monthly Billing,Early Adopter,
4943,F,64,S,7,Yes,Yes,Yes,Yes,Bank Transfer,Early Adopter,
4526,F,64,S,61,Yes,No,Yes,Yes,Monthly Billing,Innovator,
8062,M,20,M,18,No,Yes,Yes,No,Website Account,Early Adopter,
6775,M,61,S,28,Yes,No,Yes,No,Website Account,999,
7324,M,20,M,1,Yes,Yes,Yes,No,Bank Transfer,Early Majority,44.973
6049,F,57,M,86,Yes,No,Yes,Yes,Monthly Billing,Innovator,33.138
8283,M,41,S,6,Yes,Yes,Yes,No,Credit Card,Late Majority,21.303
3565,M,23,S,4,Yes,No,Yes,Yes,Website Account,Early Adopter,18.936
2270,F,54,M,51,Yes,Yes,Yes,No,Bank Transfer,Early Adopter,18.936
4896,F,45,M,2,Yes,No,Yes,Yes,Website Account,Early Majority,42.606
4620,F,32,S,21,Yes,Yes,No,Yes,Credit Card,Innovator,26.037
1845,M,51,S,58,Yes,No,Yes,Yes,Website Account,Innovator,47.34
5999,M,41,M,28,Yes,Yes,Yes,No,Credit Card,Early Majority,44.973
9287,M,35,M,10,Yes,No,Yes,Yes,Website Account,Early Adopter,21.303
7571,F,28,M,59,Yes,Yes,Yes,No,Website Account,Innovator,2.367
3586,M,36,S,10,Yes,No,No,No,Website Account,Late Majority,47.34
5938,M,20,S,7,Yes,Yes,Yes,No,Bank Transfer,Early Majority,28.404
1690,M,21,S,21,Yes,Yes,Yes,No,Bank Transfer,Early Adopter,37.872
5446,F,29,M,3,No,No,Yes,Yes,Bank Transfer,Early Adopter,33.138
4532,F,47,M,3,Yes,No,Yes,Yes,Website Account,Early Majority,33.138
7674,F,46,M,7,Yes,Yes,Yes,Yes,Website Account,Early Majority,16.569
4866,F,37,M,19,Yes,No,No,Yes,Monthly Billing,Innovator,23.67
1367,F,41,M,2,Yes,Yes,Yes,Yes,Credit Card,Early Majority,18.936
1881,F,46,S,81,Yes,No,No,No,Website Account,Early Adopter,40.239
9440,F,47,S,5,Yes,Yes,Yes,Yes,Website Account,Early Majority,42.606
1045,F,37,M,2,Yes,No,Yes,Yes,Website Account,Early Adopter,7.101
6033,M,33,S,18,Yes,Yes,Yes,Yes,Credit Card,Innovator,42.606
1297,F,23,S,8,Yes,Yes,Yes,Yes,Website Account,Early Majority,7.101
6536,M,35,M,92,Yes,No,Yes,No,Bank Transfer,Innovator,23.67
9051,M,19,M,23,Yes,Yes,Yes,No,Bank Transfer,Early Adopter,940.239
6581,F,39,M,1,Yes,No,Yes,No,Monthly Billing,Late Majority,40.239
6452,F,44,M,6,Yes,Yes,No,No,Website Account,Late Majority,37.872
9397,M,55,M,4,Yes,Yes,No,No,Credit Card,Late Majority,14.202
4635,F,26,M,28,Yes,Yes,Yes,No,Website Account,Early Adopter,11.835
1689,M,64,M,6,Yes,Yes,Yes,No,Bank Transfer,Late Majority,26.037
2421,F,21,M,9,Yes,Yes,Yes,Yes,Website Account,Innovator,21.303
1906,F,23,M,5,Yes,No,Yes,Yes,Credit Card,Early Adopter,26.037
5177,M,54,M,3,Yes,Yes,Yes,No,Bank Transfer,Late Majority,33.138
3479,M,16,S,10,Yes,No,Yes,No,Bank Transfer,Early Majority,16.569
4304,M,40,S,30,Yes,Yes,Yes,No,Bank Transfer,Early Majority,47.34
5997,F,64,M,2,Yes,Yes,Yes,Yes,Credit Card,Late Majority,2.367
3280,M,44,S,8,Yes,Yes,Yes,Yes,Bank Transfer,Early Majority,2.367
1341,F,22,M,7,Yes,No,Yes,No,Website Account,Early Majority,42.606
1850,M,59,M,4,Yes,No,Yes,No,Credit Card,Late Majority,7.101
6053,F,51,M,99,Yes,No,No,Yes,Website Account,Innovator,16.569
3309,M,62,M,2,Yes,No,No,Yes,Bank Transfer,Early Adopter,9.468
9745,M,41,M,20,No,No,Yes,Yes,Monthly Billing,Early Adopter,47.34
1620,F,64,M,8,Yes,No,Yes,No,Monthly Billing,Late Majority,44.973
5408,M,61,M,91,Yes,No,No,No,Credit Card,Early Majority,11.835
2569,F,40,S,10,Yes,Yes,Yes,No,Website Account,Late Majority,4.734
3982,M,19,S,6,Yes,No,Yes,Yes,Bank Transfer,Early Adopter,40.239
5599,F,57,S,9,Yes,No,Yes,Yes,Bank Transfer,Early Majority,21.303
8336,M,47,M,5,Yes,No,Yes,Yes,Monthly Billing,Early Adopter,16.569
5219,F,33,S,22,Yes,No,No,Yes,Monthly Billing,Innovator,21.303
8476,M,20,M,7,Yes,No,No,No,Monthly Billing,Early Majority,18.936
3965,M,42,M,4,Yes,No,No,Yes,Website Account,Early Majority,37.872
5970,M,56,M,10,Yes,Yes,Yes,No,Website Account,Late Majority,37.872
5744,M,23,M,5,Yes,Yes,No,Yes,Credit Card,Early Adopter,
9764,F,39,M,27,No,No,Yes,No,Website Account,Early Majority,21.303
3347,F,40,M,1,Yes,No,Yes,No,Credit Card,Late Majority,33.138
8755,M,57,M,61,Yes,Yes,Yes,Yes,Website Account,Innovator,30.771
3863,F,36,S,19,Yes,Yes,Yes,Yes,Bank Transfer,Early Adopter,44.973
8360,F,34,M,3,Yes,Yes,Yes,No,Bank Transfer,Late Majority,
7230,F,38,M,7,Yes,Yes,Yes,No,Website Account,Late Majority,2.367
4063,F,21,M,6,Yes,Yes,Yes,No,Website Account,Early Majority,42.606
5802,M,29,S,22,Yes,Yes,Yes,Yes,Website Account,Innovator,23.67
6223,M,52,M,5,Yes,No,No,Yes,Bank Transfer,Early Majority,11.835
4505,F,17,M,17,Yes,No,Yes,No,Credit Card,Early Adopter,28.404
4490,M,58,M,82,Yes,Yes,No,No,Website Account,Early Adopter,44.973
1036,F,44,S,1,Yes,No,Yes,No,Credit Card,Late Majority,
8834,M,53,M,3,Yes,No,Yes,No,Credit Card,Late Majority,26.037
7052,M,43,M,10,Yes,Yes,Yes,Yes,Bank Transfer,Early Majority,11.835
7870,F,59,M,9,Yes,No,Yes,No,Bank Transfer,Late Majority,7.101
2876,M,41,M,6,Yes,Yes,Yes,Yes,Credit Card,Early Majority,9.468
4972,M,26,S,7,No,No,Yes,Yes,Website Account,Early Majority,16.569
2080,F,34,S,26,Yes,Yes,Yes,Yes,Monthly Billing,Innovator,11.835
9516,M,55,S,1,Yes,Yes,Yes,Yes,Website Account,Late Majority,26.037
4625,F,55,M,8,Yes,Yes,Yes,Yes,Credit Card,Early Adopter,9.468
2167,M,23,M,10,Yes,Yes,Yes,No,Credit Card,Early Majority,40.239
5078,F,36,M,2,Yes,Yes,No,No,Website Account,Late Majority,28.404
7871,M,52,M,3,Yes,No,Yes,Yes,Website Account,Early Majority,42.606
6931,M,58,M,2,Yes,No,Yes,No,Credit Card,Late Majority,
9820,M,57,M,1,Yes,Yes,Yes,No,Website Account,Late Majority,44.973
1815,F,62,M,91,Yes,No,No,No,Website Account,Early Majority,14.202
5259,M,64,M,1,Yes,No,Yes,Yes,Bank Transfer,Late Majority,16.569
8693,F,47,S,4,Yes,No,Yes,Yes,Bank Transfer,Early Adopter,21.303
4847,M,57,S,26,Yes,No,Yes,Yes,Website Account,Innovator,4.734
1701,M,32,M,25,Yes,Yes,Yes,Yes,Monthly Billing,Innovator,37.872
3453,M,43,M,3,Yes,No,Yes,No,Monthly Billing,Late Majority,42.606
5167,M,21,M,6,Yes,Yes,Yes,No,Website Account,Early Majority,30.771
9332,F,42,S,73,Yes,Yes,Yes,No,Credit Card,Early Adopter,7.101
8322,F,28,M,5,Yes,No,Yes,No,Credit Card,Late Majority,18.936
8830,F,31,S,24,Yes,No,Yes,Yes,Bank Transfer,Early Adopter,33.138
8092,F,30,M,5,Yes,Yes,Yes,No,Website Account,Late Majority,7.101
3081,,20,S,6,Yes,Yes,No,No,Website Account,Early Majority,33.138
8451,M,35,S,5,Yes,No,Yes,No,Bank Transfer,Late Majority,33.138
3255,F,32,M,91,Yes,Yes,No,No,Monthly Billing,Innovator,33.138
9478,M,53,S,1,Yes,No,Yes,No,Website Account,Early Adopter,4.734
9111,F,34,S,4,Yes,No,Yes,No,Bank Transfer,Early Adopter,9.468
3807,F,48,S,3,Yes,Yes,No,Yes,Monthly Billing,Late Majority,28.404
5550,M,65,S,25,Yes,No,No,Yes,Credit Card,Early Majority,44.973
7905,F,53,S,25,Yes,Yes,No,No,Bank Transfer,Early Adopter,21.303
8395,M,64,S,8,Yes,No,Yes,Yes,Bank Transfer,Late Majority,18.936
2609,F,50,M,24,Yes,Yes,No,No,Bank Transfer,Innovator,42.606
8760,M,43,S,1,Yes,Yes,Yes,No,Website Account,Early Majority,21.303
7101,M,33,M,10,Yes,No,Yes,No,Monthly Billing,Innovator,44.973
2301,F,53,S,1,Yes,No,Yes,No,Website Account,Early Adopter,16.569
7526,M,35,M,30,Yes,Yes,Yes,No,Bank Transfer,Late Majority,21.303
7695,M,50,M,10,Yes,No,No,Yes,Credit Card,Innovator,4.734
7258,F,29,S,2,Yes,No,Yes,No,Website Account,Innovator,444.973
3454,M,34,S,29,Yes,No,Yes,Yes,Website Account,Late Majority,30.771
7352,M,63,M,5,Yes,Yes,Yes,Yes,Website Account,Early Adopter,7.101
5397,F,40,M,2,Yes,No,Yes,No,Bank Transfer,Early Adopter,11.835
2556,F,26,M,9,Yes,Yes,Yes,No,Bank Transfer,Early Majority,14.202
3741,M,28,M,4,Yes,No,Yes,Yes,Website Account,Late Majority,47.34
8884,M,54,S,19,Yes,Yes,Yes,No,Credit Card,Early Adopter,18.936
9870,F,61,M,29,Yes,Yes,Yes,No,Monthly Billing,Early Majority,42.606
3429,M,29,S,1,Yes,No,Yes,No,Website Account,Late Majority,28.404
9130,F,63,M,9,Yes,No,Yes,No,Website Account,Late Majority,47.34
8860,,51,M,1,Yes,Yes,Yes,No,Bank Transfer,Late Majority,4.734
5016,F,64,M,25,Yes,No,No,No,Website Account,Innovator,44.973
6950,F,49,S,6,Yes,Yes,Yes,Yes,Bank Transfer,Early Adopter,2.367
7565,M,34,S,3,Yes,No,Yes,Yes,Bank Transfer,Early Adopter,35.505
4686,M,34,M,9,Yes,No,Yes,Yes,Website Account,Late Majority,35.505
8122,F,28,M,4,Yes,No,Yes,Yes,Bank Transfer,Early Adopter,26.037
9455,M,45,S,25,Yes,Yes,Yes,No,Website Account,Early Adopter,4.734
4625,M,57,S,5,Yes,No,Yes,No,Bank Transfer,Early Majority,11.835
2524,F,61,M,4,Yes,Yes,Yes,No,Website Account,Early Majority,44.973
8508,M,64,M,5,Yes,No,No,No,Bank Transfer,Early Majority,42.606
8191,M,66,M,21,Yes,Yes,Yes,No,Bank Transfer,Late Majority,23.67
7415,M,23,M,25,Yes,No,Yes,No,Website Account,Innovator,21.303
3721,M,43,S,8,Yes,Yes,Yes,Yes,Bank Transfer,Early Majority,7.101
8486,M,29,M,19,Yes,No,Yes,No,Bank Transfer,Late Majority,35.505
4314,F,46,S,21,Yes,Yes,Yes,No,Bank Transfer,Innovator,11.835
4388,M,46,S,8,Yes,No,Yes,Yes,Website Account,Late Majority,40.239
1167,M,46,S,83,Yes,No,No,No,Website Account,Early Adopter,2.367
2887,M,57,S,5,Yes,Yes,Yes,Yes,Bank Transfer,Late Majority,28.404
9926,M,43,S,7,Yes,Yes,Yes,Yes,Website Account,Early Majority,9.468
1225,F,46,S,4,Yes,No,Yes,Yes,Monthly Billing,Late Majority,28.404
8372,M,30,M,7,Yes,Yes,Yes,Yes,Website Account,Innovator,26.037
8009,M,58,S,2,Yes,No,Yes,No,Website Account,Late Majority,37.872
9321,M,64,M,1,Yes,No,Yes,No,Credit Card,Early Adopter,28.404
7041,,22,S,1,Yes,No,Yes,No,Bank Transfer,Late Majority,4.734
1595,F,36,S,95,Yes,No,Yes,No,Website Account,Late Majority,9.468
9768,F,61,M,80,Yes,No,No,No,Monthly Billing,Early Adopter,30.771
4299,F,21,S,9,Yes,No,No,No,Credit Card,Late Majority,18.936
4757,M,40,M,10,Yes,Yes,Yes,Yes,Bank Transfer,Early Adopter,23.67
1643,M,51,S,18,Yes,No,Yes,Yes,Website Account,Early Adopter,4.734
6625,F,64,S,1,Yes,No,Yes,Yes,Website Account,Early Adopter,21.303
6711,F,44,S,1,Yes,No,Yes,No,Monthly Billing,Early Adopter,7.101
2310,F,64,M,66,No,Yes,No,Yes,Website Account,Late Majority,2.367
7793,M,41,S,7,Yes,Yes,Yes,No,Bank Transfer,Early Majority,9.468
1003,F,50,S,2,Yes,No,No,No,Website Account,Early Majority,47.34
3736,F,52,S,5,Yes,Yes,Yes,No,Credit Card,Early Majority,11.835
8773,M,62,M,7,Yes,No,Yes,No,Website Account,Innovator,35.505
9515,F,60,M,10,Yes,Yes,Yes,Yes,Monthly Billing,Early Adopter,47.34
9024,M,46,M,22,Yes,No,Yes,No,Credit Card,Early Adopter,33.138
8245,M,46,M,8,Yes,Yes,Yes,Yes,Monthly Billing,Early Adopter,23.67
7054,M,17,M,2,Yes,Yes,Yes,Yes,Website Account,Early Adopter,33.138
7790,F,28,M,10,Yes,No,Yes,No,Monthly Billing,Late Majority,3249.468
8466,M,41,S,4,Yes,No,No,Yes,Bank Transfer,Early Adopter,21.303
1202,M,43,M,85,Yes,Yes,No,Yes,Website Account,Early Majority,44.973
9076,F,33,S,3,Yes,Yes,Yes,No,Website Account,Early Majority,2.367
2273,M,44,M,28,Yes,Yes,Yes,Yes,Website Account,Early Adopter,42.606
2749,M,48,M,87,Yes,Yes,Yes,No,Bank Transfer,Early Adopter,35.505
9262,F,38,S,23,Yes,Yes,Yes,Yes,Bank Transfer,Early Adopter,30.771
3381,M,57,M,56,Yes,No,Yes,No,Website Account,Late Majority,14.202
9777,M,45,S,1,Yes,No,Yes,No,Credit Card,Early Majority,11.835
1883,M,32,S,5,Yes,Yes,Yes,Yes,Bank Transfer,Late Majority,26.037
2918,,51,M,8,Yes,Yes,Yes,No,Website Account,Early Majority,35.505
4454,F,40,M,26,Yes,Yes,Yes,Yes,Website Account,Early Majority,33.138
4211,F,63,M,52,No,Yes,No,Yes,Website Account,Early Majority,30.771
3109,F,50,S,6,Yes,Yes,No,Yes,Bank Transfer,Late Majority,33.138
3672,M,16,M,3,Yes,No,Yes,No,Credit Card,Early Majority,44.973
6156,F,49,M,5,Yes,No,Yes,No,Bank Transfer,Early Adopter,30.771
7674,F,45,M,20,Yes,Yes,Yes,Yes,Bank Transfer,Late Majority,21.303
9416,F,62,M,19,No,Yes,Yes,No,Bank Transfer,Early Majority,16.569
1985,M,61,M,6,Yes,Yes,Yes,No,Monthly Billing,Innovator,47.34
9509,M,47,S,22,Yes,No,No,Yes,Credit Card,Early Adopter,47.34
3818,M,44,M,17,Yes,No,No,No,Credit Card,Late Majority,11.835
2544,F,46,S,6,Yes,Yes,No,No,Bank Transfer,Early Adopter,44.973
7823,,26,M,19,Yes,Yes,Yes,No,Website Account,Early Majority,30.771
3342,F,35,S,17,Yes,Yes,No,No,Website Account,Early Adopter,23.67
4653,F,29,S,4,Yes,No,Yes,No,Website Account,Early Adopter,18.936
8587,F,49,M,18,No,Yes,Yes,No,Credit Card,Late Majority,16.569
6016,F,56,S,8,Yes,No,Yes,No,Website Account,Early Majority,37.872
8470,F,22,M,24,Yes,Yes,Yes,No,Credit Card,Early Adopter,16.569
7522,F,48,M,4,Yes,Yes,Yes,No,Bank Transfer,Late Majority,14.202
3757,,44,S,23,Yes,No,Yes,No,Website Account,Innovator,11.835
6838,F,47,S,6,Yes,Yes,No,Yes,Credit Card,Innovator,9.468
4771,F,53,S,3,Yes,No,Yes,Yes,Credit Card,Early Adopter,44.973
3316,F,53,M,10,Yes,No,Yes,Yes,Website Account,Early Majority,9.468
6172,M,22,M,9,Yes,No,No,No,Monthly Billing,Late Majority,21.303
3529,F,34,S,20,Yes,Yes,Yes,No,Website Account,Innovator,42.606
1828,M,19,M,28,Yes,Yes,Yes,Yes,Website Account,Early Adopter,2.367
6554,M,24,M,26,Yes,No,Yes,No,Bank Transfer,Early Majority,23.67
1298,M,54,M,7,Yes,No,Yes,Yes,Website Account,Early Adopter,14.202
9049,M,41,M,7,Yes,Yes,Yes,No,Website Account,Early Majority,28.404
1756,,65,S,18,Yes,Yes,Yes,Yes,Credit Card,Early Majority,7.101
5309,M,56,S,6,Yes,No,Yes,Yes,Bank Transfer,Early Majority,30.771
5592,F,56,S,29,Yes,No,No,Yes,Website Account,Early Adopter,44.973
8530,M,21,S,6,Yes,Yes,Yes,No,Bank Transfer,Innovator,2.367
9547,M,57,S,28,Yes,Yes,Yes,Yes,Bank Transfer,Innovator,26.037
5064,F,17,S,5,Yes,No,Yes,Yes,Website Account,Early Adopter,14.202
2669,F,36,M,1,Yes,No,Yes,Yes,Bank Transfer,Early Majority,9.468
4304,M,18,M,3,Yes,No,Yes,Yes,Monthly Billing,Early Majority,345630.771
5965,M,40,M,1,Yes,Yes,Yes,Yes,Bank Transfer,Early Majority,47.34
3204,F,27,M,19,Yes,Yes,Yes,Yes,Monthly Billing,Early Majority,30.771
7229,M,27,M,23,No,No,Yes,No,Monthly Billing,Early Majority,4.734
9711,,58,S,18,Yes,Yes,Yes,No,Website Account,Innovator,23.67
3291,F,26,S,27,Yes,No,Yes,Yes,Bank Transfer,Early Majority,28.404
2088,F,45,M,7,Yes,No,Yes,Yes,Bank Transfer,Early Majority,35.505
4632,F,43,M,6,Yes,Yes,Yes,Yes,Website Account,Early Majority,4.734
8450,M,48,S,79,Yes,Yes,Yes,Yes,Website Account,Late Majority,18.936
2048,F,32,M,18,Yes,No,Yes,No,Website Account,Early Adopter,
9630,F,26,M,8,Yes,No,Yes,Yes,Website Account,Early Majority,28.404
9982,,55,S,4,Yes,No,Yes,No,Monthly Billing,Early Adopter,35.505
2542,M,57,S,24,No,Yes,Yes,Yes,Bank Transfer,Early Majority,42.606
